jid,reduced_formula,family,opt_gap_ev,mbj_gap_ev,ehull_ev_atom,ehull_valid,paired,opt_status,mbj_status,candidate_label,shortlisted,reason,next_validation
JVASP-107267,Zn2TeSe,chalcogenide,0.385,1.684,0.0,true,true,fail,pass,mbj_only,true,OPT: gap below 1.1 eV window; ehull within 0.05 eV/atom limit; MBJ: gap within inclusive frozen window; ehull within 0.05 eV/atom limit,Run a targeted method/convergence and structural-input check on the same JID.
JVASP-120874,BaZnSe,chalcogenide,1.709,,0.03,true,false,pass,unknown,opt_pass_mbj_unknown,true,OPT: gap within inclusive frozen window; ehull within 0.05 eV/atom limit; MBJ: gap unavailable or non-finite; ehull within 0.05 eV/atom limit,Obtain the missing calculation for the same representative before a cross-method claim.
JVASP-121313,Rb3AuS,chalcogenide,1.243,2.55,0.0,true,true,pass,fail,opt_only,true,OPT: gap within inclusive frozen window; ehull within 0.05 eV/atom limit; MBJ: gap above 1.8 eV window; ehull within 0.05 eV/atom limit,Run a targeted method/convergence and structural-input check on the same JID.
JVASP-142134,K6ZnSe4,chalcogenide,1.568,,0.0,true,false,pass,unknown,opt_pass_mbj_unknown,true,OPT: gap within inclusive frozen window; ehull within 0.05 eV/atom limit; MBJ: gap unavailable or non-finite; ehull within 0.05 eV/atom limit,Obtain the missing calculation for the same representative before a cross-method claim.
JVASP-14574,ErSe,chalcogenide,0.0,1.378,0.04,true,true,fail,pass,mbj_only,true,OPT: gap below 1.1 eV window; ehull within 0.05 eV/atom limit; MBJ: gap within inclusive frozen window; ehull within 0.05 eV/atom limit,Run a targeted method/convergence and structural-input check on the same JID.
JVASP-14731,HoSe,chalcogenide,0.0,1.379,0.0364,true,true,fail,pass,mbj_only,true,OPT: gap below 1.1 eV window; ehull within 0.05 eV/atom limit; MBJ: gap within inclusive frozen window; ehull within 0.05 eV/atom limit,Run a targeted method/convergence and structural-input check on the same JID.
JVASP-151736,KSe,chalcogenide,0.739,1.799,0.041,true,true,fail,pass,mbj_only,true,OPT: gap below 1.1 eV window; ehull within 0.05 eV/atom limit; MBJ: gap within inclusive frozen window; ehull within 0.05 eV/atom limit,Run a targeted method/convergence and structural-input check on the same JID.
JVASP-183565,Na3AuS,chalcogenide,1.776,1.864,0.0,true,true,pass,fail,opt_only,true,OPT: gap within inclusive frozen window; ehull within 0.05 eV/atom limit; MBJ: gap above 1.8 eV window; ehull within 0.05 eV/atom limit,Run a targeted method/convergence and structural-input check on the same JID.
JVASP-185703,Zn2S,chalcogenide,0.992,1.442,0.0,true,true,fail,pass,mbj_only,true,OPT: gap below 1.1 eV window; ehull within 0.05 eV/atom limit; MBJ: gap within inclusive frozen window; ehull within 0.05 eV/atom limit,Run a targeted method/convergence and structural-input check on the same JID.
JVASP-19759,TbSe,chalcogenide,0.0,1.348,0.0204,true,true,fail,pass,mbj_only,true,OPT: gap below 1.1 eV window; ehull within 0.05 eV/atom limit; MBJ: gap within inclusive frozen window; ehull within 0.05 eV/atom limit,Run a targeted method/convergence and structural-input check on the same JID.
JVASP-19778,TbS,chalcogenide,0.0,1.727,0.0314,true,true,fail,pass,mbj_only,true,OPT: gap below 1.1 eV window; ehull within 0.05 eV/atom limit; MBJ: gap within inclusive frozen window; ehull within 0.05 eV/atom limit,Run a targeted method/convergence and structural-input check on the same JID.
JVASP-19781,ErS,chalcogenide,0.0,1.661,0.0384,true,true,fail,pass,mbj_only,true,OPT: gap below 1.1 eV window; ehull within 0.05 eV/atom limit; MBJ: gap within inclusive frozen window; ehull within 0.05 eV/atom limit,Run a targeted method/convergence and structural-input check on the same JID.
JVASP-19966,TmS,chalcogenide,0.0,1.655,0.0439,true,true,fail,pass,mbj_only,true,OPT: gap below 1.1 eV window; ehull within 0.05 eV/atom limit; MBJ: gap within inclusive frozen window; ehull within 0.05 eV/atom limit,Run a targeted method/convergence and structural-input check on the same JID.
JVASP-35260,Na6ZnSe4,chalcogenide,1.755,,0.0,true,false,pass,unknown,opt_pass_mbj_unknown,true,OPT: gap within inclusive frozen window; ehull within 0.05 eV/atom limit; MBJ: gap unavailable or non-finite; ehull within 0.05 eV/atom limit,Obtain the missing calculation for the same representative before a cross-method claim.
JVASP-35264,Na2ZnSe2,chalcogenide,1.793,,0.0179,true,false,pass,unknown,opt_pass_mbj_unknown,true,OPT: gap within inclusive frozen window; ehull within 0.05 eV/atom limit; MBJ: gap unavailable or non-finite; ehull within 0.05 eV/atom limit,Obtain the missing calculation for the same representative before a cross-method claim.
JVASP-99009,EuS,chalcogenide,0.0,1.563,0.0478,true,true,fail,pass,mbj_only,true,OPT: gap below 1.1 eV window; ehull within 0.05 eV/atom limit; MBJ: gap within inclusive frozen window; ehull within 0.05 eV/atom limit,Run a targeted method/convergence and structural-input check on the same JID.
JVASP-144275,KCuO,oxide,1.299,,0.0,true,false,pass,unknown,opt_pass_mbj_unknown,true,OPT: gap within inclusive frozen window; ehull within 0.05 eV/atom limit; MBJ: gap unavailable or non-finite; ehull within 0.05 eV/atom limit,Obtain the missing calculation for the same representative before a cross-method claim.
JVASP-151826,KAgO,oxide,1.525,,0.0395,true,false,pass,unknown,opt_pass_mbj_unknown,true,OPT: gap within inclusive frozen window; ehull within 0.05 eV/atom limit; MBJ: gap unavailable or non-finite; ehull within 0.05 eV/atom limit,Obtain the missing calculation for the same representative before a cross-method claim.
JVASP-50168,KRbO,oxide,1.794,4.156,0.0,true,true,pass,fail,opt_only,true,OPT: gap within inclusive frozen window; ehull within 0.05 eV/atom limit; MBJ: gap above 1.8 eV window; ehull within 0.05 eV/atom limit,Run a targeted method/convergence and structural-input check on the same JID.
